{
  "A": 303.9163866888, 
  "E_gb": -7666.006658593642, 
  "gbid": "0013687130_v6bxv2_tv0.1bxv0.0_d1.8z", 
  "name": "0013687130_v6bxv2_tv0.1bxv0.0_d1.8z", 
  "area": 303.9163866888, 
  "H": 71.63191356, 
  "n_at": 1920, 
  "rbt": [
    0.1, 
    0.0
  ], 
  "rcut": 1.8, 
  "converged": true, 
  "param_file": "PotBH.xml", 
  "E_gb_init": -7587.789544809995
}
